<?xml version="1.0" encoding="UTF-8"?>

<mule xmlns:tcp="http://www.mulesoft.org/schema/mule/tcp"
	xmlns:dw="http://www.mulesoft.org/schema/mule/ee/dw" xmlns:http="http://www.mulesoft.org/schema/mule/http" xmlns:hl7-edi="http://www.mulesoft.org/schema/mule/hl7-edi" xmlns="http://www.mulesoft.org/schema/mule/core" xmlns:doc="http://www.mulesoft.org/schema/mule/documentation"
	xmlns:spring="http://www.springframework.org/schema/beans" 
	xmlns:xsi="http://www.w3.org/2001/XMLSchema-instance"
	xsi:schemaLocation="
http://www.mulesoft.org/schema/mule/tcp http://www.mulesoft.org/schema/mule/tcp/current/mule-tcp.xsd http://www.springframework.org/schema/beans http://www.springframework.org/schema/beans/spring-beans-current.xsd
http://www.mulesoft.org/schema/mule/core http://www.mulesoft.org/schema/mule/core/current/mule.xsd
http://www.mulesoft.org/schema/mule/hl7-edi http://www.mulesoft.org/schema/mule/hl7-edi/current/mule-hl7-edi.xsd
http://www.mulesoft.org/schema/mule/http http://www.mulesoft.org/schema/mule/http/current/mule-http.xsd
http://www.mulesoft.org/schema/mule/ee/dw http://www.mulesoft.org/schema/mule/ee/dw/current/dw.xsd">
    <http:listener-config name="HTTP_Listener_Configuration" host="0.0.0.0" port="8080" doc:name="HTTP Listener Configuration"/>
  <http:request-config name="HTTP_Request_Configuration" host="localhost" port="8080" doc:name="HTTP Request Configuration">
    <tcp:client-socket-properties connectionTimeout="30000"/>
  </http:request-config>
  <hl7-edi:config name="HL7_EDI__Configuration" identKeys="true" doc:name="HL7 EDI: Configuration">
    <hl7-edi:schemas>
      <hl7-edi:schema>hl7/v2_6/ADT_A01.esl</hl7-edi:schema>
    </hl7-edi:schemas>
  </hl7-edi:config>
  <hl7-edi:config name="HL7_EDI__Configuration1" doc:name="HL7 EDI: Configuration" invalidCharacterInValueFail="true" missingRequiredValueFail="true" segmentOutOfOrderFail="true" unknownSegmentFail="true" unusedSegmentPresentFail="true" valueLengthErrorFail="true" wrongSegmentsRepeatsFail="true" wrongValuesRepeatsFail="true" identKeys="true">
    <hl7-edi:schemas>
      <hl7-edi:schema>hl7/v2_6/ADT_A02.esl</hl7-edi:schema>
    </hl7-edi:schemas>
  </hl7-edi:config>
  <flow name="CreateMessage">
    <http:listener config-ref="HTTP_Listener_Configuration" path="/create" doc:name="HTTP"/>
    <dw:transform-message doc:name="Transform Message">
      <dw:set-payload><![CDATA[%dw 1.0
%output application/java
---
{
	Delimiters: "|^~\&",
	Id: "ADT_A02",
	Data: {
		ADT_A02: {
			"MSH": {
				MSH-03-01: "TestSendingSystem",
				MSH-04-01: "SendingApp",
				MSH-05-01: "SendingFacility",
				MSH-07-01: now,
				MSH-09-01: "ADT",
				MSH-09-02: "A01",
				MSH-09-03: "ADT_A01"
			}
		}
	}
}
]]></dw:set-payload>
    </dw:transform-message>
    <hl7-edi:write config-ref="HL7_EDI__Configuration" messageStructure="InMessage" doc:name="HL7 EDI"/>
  </flow>

  <flow name="ReadMessage">
    <http:listener config-ref="HTTP_Listener_Configuration" path="/comp" doc:name="HTTP" allowedMethods="POST"/>
    <hl7-edi:read config-ref="HL7_EDI__Configuration" doc:name="HL7 EDI"/>
    <logger message="#[payload]" level="INFO" doc:name="Logger"/>
  </flow>
  <flow name="Acknowledgment">
    <http:listener config-ref="HTTP_Listener_Configuration" path="/ack" allowedMethods="POST" doc:name="HTTP"/>
    <hl7-edi:read config-ref="HL7_EDI__Configuration1" doc:name="HL7 EDI"/>
    <dw:transform-message doc:name="Transform Message">
      <dw:set-payload><![CDATA[%dw 1.0
%output application/java
---
{
	Name: "ACK",
	MSH: payload.ACK.MSH,
	Id: "ACK",
	Data: {
		ACK: payload.ACK
	}
}]]></dw:set-payload>
    </dw:transform-message>
    <hl7-edi:write config-ref="HL7_EDI__Configuration" messageStructure="InMessage" doc:name="HL7 EDI"/>
    <logger message="#[payload]" level="INFO" doc:name="Logger"/>
  </flow>
  <flow name="AppendSegment">
    <http:listener config-ref="HTTP_Listener_Configuration" path="/append" allowedMethods="POST" doc:name="HTTP"/>
    <hl7-edi:read config-ref="HL7_EDI__Configuration" doc:name="HL7 EDI"/>
    <dw:transform-message doc:name="Transform Message">
      <dw:set-payload><![CDATA[%dw 1.0
%output application/java
---
{
Delimiters: payload.Delimiters,
Id: payload.Id,
Name: payload.Name,
ACK: payload.ACK,
MSH: payload.MSH,
Errors: payload.Errors map ((error , indexOfError) -> {
errorCode: error.errorCode,
errorText: error.errorText,
errorType: error.errorType,
fatal: error.fatal,
segment: error.segment
}),
Data: {
ADT_A01: {
  MSH: payload.Data.ADT_A01.MSH,
  EVN: payload.Data.ADT_A01.EVN,
  PID: payload.Data.ADT_A01.PID,
  NK1: payload.Data.ADT_A01.NK1,
  PV1: payload.Data.ADT_A01.PV1,
  AL1: (payload.Data.ADT_A01.AL1 +
    {
      AL1-01: 2,
      AL1-02-01:"10001",
      AL1-03-02:"Penicillin",
      AL1-05:["Produces hives"]
    })
}
}
}]]></dw:set-payload>
    </dw:transform-message>
    <hl7-edi:write config-ref="HL7_EDI__Configuration" messageStructure="InMessage" doc:name="Write_HL7"/>
    <logger message="#[payload]" level="INFO" doc:name="Logger"/>
  </flow>
  <flow name="RemoveRepetition">
    <http:listener config-ref="HTTP_Listener_Configuration" path="/removeRepetition" allowedMethods="POST" doc:name="HTTP"/>
    <hl7-edi:read config-ref="HL7_EDI__Configuration" doc:name="HL7 EDI"/>
    <dw:transform-message doc:name="Transform Message">
      <dw:set-payload><![CDATA[%dw 1.0
%output application/java
%var start = 0
%var end = (sizeOf payload.Data.ADT_A01."16_AL1") -2
%var updatedSegment = payload.Data.ADT_A01."16_AL1"[start[0] .. end[0]]
---
{
	Delimiters: payload.Delimiters,
	Id: payload.Id,
	Name: payload.Name,
	ACK: payload.ACK,
	MSH: payload.MSH,
	Errors: payload.Errors map ((error , indexOfError) -> {
		errorCode: error.errorCode,
		errorText: error.errorText,
		errorType: error.errorType,
		fatal: error.fatal,
		segment: error.segment
	}),
	Data: {
		ADT_A01: {
			MSH: payload.Data.ADT_A01.MSH,
			EVN: payload.Data.ADT_A01.EVN,
			PID: payload.Data.ADT_A01.PID,
			NK1: payload.Data.ADT_A01.NK1,
			PV1: payload.Data.ADT_A01.PV1,
			AL1: updatedSegment
		}
	}
}]]></dw:set-payload>
    </dw:transform-message>
    <hl7-edi:write config-ref="HL7_EDI__Configuration" messageStructure="InMessage" doc:name="Copy_of_HL7 EDI"/>
    <logger message="#[payload]" level="INFO" doc:name="Logger"/>
  </flow>
  <flow name="RemoveSegment">
    <http:listener config-ref="HTTP_Listener_Configuration" path="/removeSegment" allowedMethods="POST" doc:name="HTTP"/>
    <hl7-edi:read config-ref="HL7_EDI__Configuration" doc:name="HL7 EDI"/>
    <dw:transform-message doc:name="Transform Message">
      <dw:set-payload><![CDATA[%dw 1.0
%output application/java
%var emptySegment = []
---
{
	Delimiters: payload.Delimiters,
	Id: payload.Id,
	Name: payload.Name,
	ACK: payload.ACK,
	MSH: payload.MSH,
	Errors: payload.Errors map ((error , indexOfError) -> {
		errorCode: error.errorCode,
		errorText: error.errorText,
		errorType: error.errorType,
		fatal: error.fatal,
		segment: error.segment
	}),
	Data: {
		ADT_A01: {
			MSH: payload.Data.ADT_A01.MSH,
			EVN: payload.Data.ADT_A01.EVN,
			PID: payload.Data.ADT_A01.PID,
			NK1: payload.Data.ADT_A01.NK1,
			PV1: payload.Data.ADT_A01.PV1,
			AL1: emptySegment
		}
	}
}]]></dw:set-payload>
    </dw:transform-message>
    <hl7-edi:write config-ref="HL7_EDI__Configuration" messageStructure="InMessage" doc:name="_HL7 EDI"/>
    <logger message="#[payload]" level="INFO" doc:name="Logger"/>
  </flow>
    
</mule>
