<?xml version="1.0" encoding="UTF-8"?>

<mule xmlns:file="http://www.mulesoft.org/schema/mule/file" xmlns:dw="http://www.mulesoft.org/schema/mule/ee/dw" xmlns:metadata="http://www.mulesoft.org/schema/mule/metadata" xmlns:tracking="http://www.mulesoft.org/schema/mule/ee/tracking" xmlns:rosetta-net="http://www.mulesoft.org/schema/mule/rosetta-net" xmlns:http="http://www.mulesoft.org/schema/mule/http" xmlns="http://www.mulesoft.org/schema/mule/core" xmlns:doc="http://www.mulesoft.org/schema/mule/documentation"
	xmlns:spring="http://www.springframework.org/schema/beans" 
	xmlns:xsi="http://www.w3.org/2001/XMLSchema-instance"
	xsi:schemaLocation="http://www.springframework.org/schema/beans http://www.springframework.org/schema/beans/spring-beans-current.xsd
http://www.mulesoft.org/schema/mule/core http://www.mulesoft.org/schema/mule/core/current/mule.xsd
http://www.mulesoft.org/schema/mule/http http://www.mulesoft.org/schema/mule/http/current/mule-http.xsd
http://www.mulesoft.org/schema/mule/rosetta-net http://www.mulesoft.org/schema/mule/rosetta-net/current/mule-rosetta-net.xsd
http://www.mulesoft.org/schema/mule/ee/dw http://www.mulesoft.org/schema/mule/ee/dw/current/dw.xsd
http://www.mulesoft.org/schema/mule/ee/tracking http://www.mulesoft.org/schema/mule/ee/tracking/current/mule-tracking-ee.xsd
http://www.mulesoft.org/schema/mule/file http://www.mulesoft.org/schema/mule/file/current/mule-file.xsd
http://www.mulesoft.org/schema/mule/apachekafka http://www.mulesoft.org/schema/mule/apachekafka/current/mule-apachekafka.xsd">
    <http:listener-config name="LocalEndpointListener_Seller"  host="0.0.0.0" port="8081" basePath="/rnif" doc:name="RosettaNet Endpoint Configuration" />
    <http:request-config name="LocalEndpointRequest_Buyer"  host="0.0.0.0" port="8082" basePath="/rnif/partner2" doc:name="RosettaNet Partner Endpoint Configuration" />
    <rosetta-net:config name="PO_ResponderConfig" httpListener-ref="LocalEndpointListener_Seller" httpRequest-ref="LocalEndpointRequest_Buyer" keystorePath="/partner2.jks" keystorePass="nosecret" privatePass="partner2" globalUsageCode="Test" selfBusinessIdentifier="123456788" selfLocationId="partner2" partnerBusinessIdentifier="123456789" partnerLocationId="partner1" pipRole="RESPONDER" pipFile="/PIP3A4/V02_02.xml" doc:name="RosettaNet: Configuration" servicePath="/partner1" />

    <flow name="Receive-Purchase-Order-Request">
        <rosetta-net:action-source config-ref="PO_ResponderConfig" doc:name="RosettaNet (Streaming)"/>
        <rosetta-net:set-action-metadata config-ref="PO_ResponderConfig" doc:name="RosettaNet"/>
        <object-to-string-transformer doc:name="Object to String"/>
        <logger message="#[payload]" level="INFO" doc:name="Logger"/>
    </flow>
    <flow name="Send-Purchase-Order-Confirmation">
        <file:inbound-endpoint path="confirm-in" moveToDirectory="confirm-out" responseTimeout="10000" doc:name="File"/>
        <rosetta-net:send-action config-ref="PO_ResponderConfig" inReplyActionId="1234" inReplyNessageId="1234" pipInstanceId="1234" doc:name="RosettaNet"/>
    </flow>
    <flow name="Receive-ACK-Signal">
        <rosetta-net:signal-source config-ref="PO_ResponderConfig" signalType="ACKNOWLEDGE" doc:name="RosettaNet (Streaming)"/>
        <rosetta-net:set-signal-metadata config-ref="PO_ResponderConfig" doc:name="RosettaNet"/>
        <object-to-string-transformer doc:name="Object to String"/>
        <logger message="ACK-Signal:  #[payload]" level="INFO" doc:name="Logger"/>
    </flow>
    <flow name="Receive-Exception-Signal">
        <rosetta-net:signal-source config-ref="PO_ResponderConfig" doc:name="RosettaNet (Streaming)" signalType="EXCEPTION"/>
        <rosetta-net:set-signal-metadata config-ref="PO_ResponderConfig" doc:name="RosettaNet"/>
        <object-to-string-transformer doc:name="Object to String"/>
        <logger level="INFO" doc:name="Logger" message="Exception-Signal:  #[payload]"/>
    </flow>
    <flow name="Receive-Send-Failure-Signal">
        <rosetta-net:signal-source config-ref="PO_ResponderConfig" signalType="SEND_FAILURE" doc:name="RosettaNet (Streaming)"/>
        <rosetta-net:set-signal-metadata config-ref="PO_ResponderConfig" doc:name="RosettaNet"/>
        <object-to-string-transformer doc:name="Object to String"/>
        <logger message="Send-Failure-Signal:  #[payload]" level="INFO" doc:name="Logger"/>
    </flow>
</mule>
